id,name,class
125_0_0_0,105,0
125_0_0_1,105,0
125_0_0_2,105,0
125_0_0_3,105,0
125_0_0_4,105,0
125_0_1_0,105,0
125_0_1_1,105,0
125_0_1_2,105,0
125_0_1_3,105,0
125_0_1_4,105,0
125_0_0_0,105_masked,1
125_0_0_1,105_masked,1
125_0_0_2,105_masked,1
125_0_0_3,105_masked,1
125_0_0_4,105_masked,1
125_0_1_0,105_masked,1
125_0_1_1,105_masked,1
125_0_1_2,105_masked,1
125_0_1_3,105_masked,1
125_0_1_4,105_masked,1
106_0_0_0,106,2
106_0_0_1,106,2
106_0_0_2,106,2
106_0_0_3,106,2
106_0_0_4,106,2
106_1_1_0,106,2
106_1_1_1,106,2
106_1_1_2,106,2
106_1_1_3,106,2
106_1_1_4,106,2
106_1_1_0,106_masked,3
106_1_1_1,106_masked,3
106_1_1_2,106_masked,3
106_1_1_3,106_masked,3
106_1_1_4,106_masked,3
106_1_2_0,106_masked,3
106_1_2_1,106_masked,3
106_1_2_2,106_masked,3
106_1_2_3,106_masked,3
106_1_2_4,106_masked,3
107_0_0,107,4
107_0_1,107,4
107_0_2,107,4
107_0_3,107,4
107_0_4,107,4
107_1_0,107,4
107_1_1,107,4
107_1_2,107,4
107_1_3,107,4
107_1_4,107,4
107_1_0_0,107_masked,5
107_1_0_1,107_masked,5
107_1_0_2,107_masked,5
107_1_0_3,107_masked,5
107_1_0_4,107_masked,5
107_1_1_0,107_masked,5
107_1_1_1,107_masked,5
107_1_1_2,107_masked,5
107_1_1_3,107_masked,5
107_1_1_4,107_masked,5
108_0_0_0,108,6
108_0_0_1,108,6
108_0_0_2,108,6
108_0_0_3,108,6
108_0_0_4,108,6
108_0_1_0,108,6
108_0_1_1,108,6
108_0_1_2,108,6
108_0_1_3,108,6
108_0_1_4,108,6
108_1_0_0,108_masked,7
108_1_0_1,108_masked,7
108_1_0_2,108_masked,7
108_1_0_3,108_masked,7
108_1_0_4,108_masked,7
108_1_1_0,108_masked,7
108_1_1_1,108_masked,7
108_1_1_2,108_masked,7
108_1_1_3,108_masked,7
108_1_1_4,108_masked,7
109_0_0_0,109,8
109_0_0_1,109,8
109_0_0_2,109,8
109_0_0_3,109,8
109_0_0_4,109,8
109_0_1_0,109,8
109_0_1_1,109,8
109_0_1_2,109,8
109_0_1_3,109,8
109_0_1_4,109,8
109_1_0_0,109_masked,9
109_1_0_1,109_masked,9
109_1_0_2,109_masked,9
109_1_0_3,109_masked,9
109_1_0_4,109_masked,9
109_1_1_0,109_masked,9
109_1_1_1,109_masked,9
109_1_1_2,109_masked,9
109_1_1_3,109_masked,9
109_1_1_4,109_masked,9
110_0_0_0,110,10
110_0_0_1,110,10
110_0_0_2,110,10
110_0_0_3,110,10
110_0_0_4,110,10
110_0_1_0,110,10
110_0_1_1,110,10
110_0_1_2,110,10
110_0_1_3,110,10
110_0_1_4,110,10
110_1_0_0,110_masked,11
110_1_0_1,110_masked,11
110_1_0_2,110_masked,11
110_1_0_3,110_masked,11
110_1_0_4,110_masked,11
110_1_1_0,110_masked,11
110_1_1_1,110_masked,11
110_1_1_2,110_masked,11
110_1_1_3,110_masked,11
110_1_1_4,110_masked,11
111_0_0_0,111,12
111_0_0_1,111,12
111_0_0_2,111,12
111_0_0_3,111,12
111_0_0_4,111,12
111_0_1_0,111,12
111_0_1_1,111,12
111_0_1_2,111,12
111_0_1_3,111,12
111_0_1_4,111,12
111_1_0_0,111_masked,13
111_1_0_1,111_masked,13
111_1_0_2,111_masked,13
111_1_0_3,111_masked,13
111_1_0_4,111_masked,13
111_1_1_0,111_masked,13
111_1_1_1,111_masked,13
111_1_1_2,111_masked,13
111_1_1_3,111_masked,13
111_1_1_4,111_masked,13
112_0_0_0,112,14
112_0_0_1,112,14
112_0_0_2,112,14
112_0_0_3,112,14
112_0_0_4,112,14
112_0_1_0,112,14
112_0_1_1,112,14
112_0_1_2,112,14
112_0_1_3,112,14
112_0_1_4,112,14
112_1_0_0,112_masked,15
112_1_0_1,112_masked,15
112_1_0_2,112_masked,15
112_1_0_3,112_masked,15
112_1_0_4,112_masked,15
112_1_1_0,112_masked,15
112_1_1_1,112_masked,15
112_1_1_2,112_masked,15
112_1_1_3,112_masked,15
112_1_1_4,112_masked,15
113_0_0_0,113,16
113_0_0_1,113,16
113_0_0_2,113,16
113_0_0_3,113,16
113_0_0_4,113,16
113_0_1_0,113,16
113_0_1_1,113,16
113_0_1_2,113,16
113_0_1_3,113,16
113_0_1_4,113,16
113_0_1_0,113_masked,17
113_0_1_1,113_masked,17
113_0_1_2,113_masked,17
113_0_1_3,113_masked,17
113_0_1_4,113_masked,17
113_1_1_0,113_masked,17
113_1_1_1,113_masked,17
113_1_1_2,113_masked,17
113_1_1_3,113_masked,17
113_1_1_4,113_masked,17
114_0_0_0,114,18
114_0_0_1,114,18
114_0_0_2,114,18
114_0_0_3,114,18
114_0_0_4,114,18
114_0_1_0,114,18
114_0_1_1,114,18
114_0_1_2,114,18
114_0_1_3,114,18
114_0_1_4,114,18
114_1_0_0,114_masked,19
114_1_0_1,114_masked,19
114_1_0_2,114_masked,19
114_1_0_3,114_masked,19
114_1_0_4,114_masked,19
114_1_1_0,114_masked,19
114_1_1_1,114_masked,19
114_1_1_2,114_masked,19
114_1_1_3,114_masked,19
114_1_1_4,114_masked,19
115_0_0_0,115,20
115_0_0_1,115,20
115_0_0_2,115,20
115_0_0_3,115,20
115_0_0_4,115,20
115_0_1_0,115,20
115_0_1_1,115,20
115_0_1_2,115,20
115_0_1_3,115,20
115_0_1_4,115,20
115_1_0_0,115_masked,21
115_1_0_1,115_masked,21
115_1_0_2,115_masked,21
115_1_0_3,115_masked,21
115_1_0_4,115_masked,21
115_1_1_0,115_masked,21
115_1_1_1,115_masked,21
115_1_1_2,115_masked,21
115_1_1_3,115_masked,21
115_1_1_4,115_masked,21
116_0_0_0,116,22
116_0_0_1,116,22
116_0_0_2,116,22
116_0_0_3,116,22
116_0_0_4,116,22
116_0_1_0,116,22
116_0_1_1,116,22
116_0_1_2,116,22
116_0_1_3,116,22
116_0_1_4,116,22
116_1_0_0,116_masked,23
116_1_0_1,116_masked,23
116_1_0_2,116_masked,23
116_1_0_3,116_masked,23
116_1_0_4,116_masked,23
116_1_1_0,116_masked,23
116_1_1_1,116_masked,23
116_1_1_2,116_masked,23
116_1_1_3,116_masked,23
116_1_1_4,116_masked,23
117_0_0_0,117,24
117_0_0_1,117,24
117_0_0_2,117,24
117_0_0_3,117,24
117_0_0_4,117,24
117_0_1_0,117,24
117_0_1_1,117,24
117_0_1_2,117,24
117_0_1_3,117,24
117_0_1_4,117,24
117_1_0_0,117_masked,25
117_1_0_1,117_masked,25
117_1_0_2,117_masked,25
117_1_0_3,117_masked,25
117_1_0_4,117_masked,25
117_1_1_0,117_masked,25
117_1_1_1,117_masked,25
117_1_1_2,117_masked,25
117_1_1_3,117_masked,25
117_1_1_4,117_masked,25
118_0_0_0,118,26
118_0_0_1,118,26
118_0_0_2,118,26
118_0_0_3,118,26
118_0_0_4,118,26
118_0_1_0,118,26
118_0_1_1,118,26
118_0_1_2,118,26
118_0_1_3,118,26
118_0_1_4,118,26
118_1_0_0,118_masked,27
118_1_0_1,118_masked,27
118_1_0_2,118_masked,27
118_1_0_3,118_masked,27
118_1_0_4,118_masked,27
118_1_1_0,118_masked,27
118_1_1_1,118_masked,27
118_1_1_2,118_masked,27
118_1_1_3,118_masked,27
118_1_1_4,118_masked,27
119_0_0_0,119,28
119_0_0_1,119,28
119_0_0_2,119,28
119_0_0_3,119,28
119_0_0_4,119,28
119_0_1_0,119,28
119_0_1_1,119,28
119_0_1_2,119,28
119_0_1_3,119,28
119_0_1_4,119,28
119_1_0_0,119_masked,29
119_1_0_1,119_masked,29
119_1_0_2,119_masked,29
119_1_0_3,119_masked,29
119_1_0_4,119_masked,29
119_1_1_0,119_masked,29
119_1_1_1,119_masked,29
119_1_1_2,119_masked,29
119_1_1_3,119_masked,29
119_1_1_4,119_masked,29
120_0_0_0,120,30
120_0_0_1,120,30
120_0_0_2,120,30
120_0_0_3,120,30
120_0_0_4,120,30
120_0_1_0,120,30
120_0_1_1,120,30
120_0_1_2,120,30
120_0_1_3,120,30
120_0_1_4,120,30
120_1_0_0,120_masked,31
120_1_0_1,120_masked,31
120_1_0_2,120_masked,31
120_1_0_3,120_masked,31
120_1_0_4,120_masked,31
120_1_1_0,120_masked,31
120_1_1_1,120_masked,31
120_1_1_2,120_masked,31
120_1_1_3,120_masked,31
120_1_1_4,120_masked,31
121_0_0_0,121,32
121_0_0_1,121,32
121_0_0_2,121,32
121_0_0_3,121,32
121_0_0_4,121,32
121_0_1_0,121,32
121_0_1_1,121,32
121_0_1_2,121,32
121_0_1_3,121,32
121_0_1_4,121,32
121_1_0_0,121_masked,33
121_1_0_1,121_masked,33
121_1_0_2,121_masked,33
121_1_0_3,121_masked,33
121_1_0_4,121_masked,33
121_1_1_0,121_masked,33
121_1_1_1,121_masked,33
121_1_1_2,121_masked,33
121_1_1_3,121_masked,33
121_1_1_4,121_masked,33
122_0_0_0,122,34
122_0_0_1,122,34
122_0_0_2,122,34
122_0_0_3,122,34
122_0_0_4,122,34
122_0_1_0,122,34
122_0_1_1,122,34
122_0_1_2,122,34
122_0_1_3,122,34
122_0_1_4,122,34
122_1_0_0,122_masked,35
122_1_0_1,122_masked,35
122_1_0_2,122_masked,35
122_1_0_3,122_masked,35
122_1_0_4,122_masked,35
122_1_1_0,122_masked,35
122_1_1_1,122_masked,35
122_1_1_2,122_masked,35
122_1_1_3,122_masked,35
122_1_1_4,122_masked,35
123_0_0_0,123,36
123_0_0_1,123,36
123_0_0_2,123,36
123_0_0_3,123,36
123_0_0_4,123,36
123_0_1_0,123,36
123_0_1_1,123,36
123_0_1_2,123,36
123_0_1_3,123,36
123_0_1_4,123,36
123_1_0_0,123_masked,37
123_1_0_1,123_masked,37
123_1_0_2,123_masked,37
123_1_0_3,123_masked,37
123_1_0_4,123_masked,37
123_1_1_0,123_masked,37
123_1_1_1,123_masked,37
123_1_1_2,123_masked,37
123_1_1_3,123_masked,37
123_1_1_4,123_masked,37
124_0_0_0,124,38
124_0_0_1,124,38
124_0_0_2,124,38
124_0_0_3,124,38
124_0_0_4,124,38
124_0_1_0,124,38
124_0_1_1,124,38
124_0_1_2,124,38
124_0_1_3,124,38
124_0_1_4,124,38
124_1_0_0,124_masked,39
124_1_0_1,124_masked,39
124_1_0_2,124_masked,39
124_1_0_3,124_masked,39
124_1_0_4,124_masked,39
124_1_1_0,124_masked,39
124_1_1_1,124_masked,39
124_1_1_2,124_masked,39
124_1_1_3,124_masked,39
124_1_1_4,124_masked,39
bs000_N_N_0_0,bs000,40
bs000_N_N_0_1,bs000,40
bs000_N_N_0_2,bs000,40
bs000_N_N_0_3,bs000,40
bs000_N_N_0_4,bs000,40
bs000_N_N_1_0,bs000,40
bs000_N_N_1_1,bs000,40
bs000_N_N_1_2,bs000,40
bs000_N_N_1_3,bs000,40
bs000_N_N_1_4,bs000,40
bs001_N_N_0_0,bs001,41
bs001_N_N_0_1,bs001,41
bs001_N_N_0_2,bs001,41
bs001_N_N_0_3,bs001,41
bs001_N_N_0_4,bs001,41
bs002_N_N_0_0,bs002,42
bs002_N_N_0_1,bs002,42
bs002_N_N_0_2,bs002,42
bs002_N_N_0_3,bs002,42
bs002_N_N_0_4,bs002,42
bs003_N_N_0_0,bs003,43
bs003_N_N_0_1,bs003,43
bs003_N_N_0_2,bs003,43
bs003_N_N_0_3,bs003,43
bs003_N_N_0_4,bs003,43
bs004_N_N_0_0,bs004,44
bs004_N_N_0_1,bs004,44
bs004_N_N_0_2,bs004,44
bs004_N_N_0_3,bs004,44
bs004_N_N_0_4,bs004,44
bs005_N_N_0_0,bs005,45
bs005_N_N_0_1,bs005,45
bs005_N_N_0_2,bs005,45
bs005_N_N_0_3,bs005,45
bs005_N_N_0_4,bs005,45
bs005_N_N_1_0,bs005,45
bs005_N_N_1_1,bs005,45
bs005_N_N_1_2,bs005,45
bs005_N_N_1_3,bs005,45
bs005_N_N_1_4,bs005,45
bs006_N_N_0_0,bs006,46
bs006_N_N_0_1,bs006,46
bs006_N_N_0_2,bs006,46
bs006_N_N_0_3,bs006,46
bs006_N_N_0_4,bs006,46
bs007_N_N_0_0,bs007,47
bs007_N_N_0_1,bs007,47
bs007_N_N_0_2,bs007,47
bs007_N_N_0_3,bs007,47
bs007_N_N_0_4,bs007,47
bs008_N_N_0_0,bs008,48
bs008_N_N_0_1,bs008,48
bs008_N_N_0_2,bs008,48
bs008_N_N_0_3,bs008,48
bs008_N_N_0_4,bs008,48
bs009_N_N_0_0,bs009,49
bs009_N_N_0_1,bs009,49
bs009_N_N_0_2,bs009,49
bs009_N_N_0_3,bs009,49
bs009_N_N_0_4,bs009,49
bs010_N_N_0_0,bs010,50
bs010_N_N_0_1,bs010,50
bs010_N_N_0_2,bs010,50
bs010_N_N_0_3,bs010,50
bs010_N_N_0_4,bs010,50
bs010_N_N_1_0,bs010,50
bs010_N_N_1_1,bs010,50
bs010_N_N_1_2,bs010,50
bs010_N_N_1_3,bs010,50
bs010_N_N_1_4,bs010,50
bs011_N_N_0_0,bs011,51
bs011_N_N_0_1,bs011,51
bs011_N_N_0_2,bs011,51
bs011_N_N_0_3,bs011,51
bs011_N_N_0_4,bs011,51
bs012_N_N_0_0,bs012,52
bs012_N_N_0_1,bs012,52
bs012_N_N_0_2,bs012,52
bs012_N_N_0_3,bs012,52
bs012_N_N_0_4,bs012,52
bs012_N_N_1_0,bs012,52
bs012_N_N_1_1,bs012,52
bs012_N_N_1_2,bs012,52
bs012_N_N_1_3,bs012,52
bs012_N_N_1_4,bs012,52
bs012_N_N_2_0,bs012,52
bs012_N_N_2_1,bs012,52
bs012_N_N_2_2,bs012,52
bs012_N_N_2_3,bs012,52
bs012_N_N_2_4,bs012,52
bs013_N_N_0_0,bs013,53
bs013_N_N_0_1,bs013,53
bs013_N_N_0_2,bs013,53
bs013_N_N_0_3,bs013,53
bs013_N_N_0_4,bs013,53
bs014_N_N_0_0,bs014,54
bs014_N_N_0_1,bs014,54
bs014_N_N_0_2,bs014,54
bs014_N_N_0_3,bs014,54
bs014_N_N_0_4,bs014,54
bs015_N_N_0_0,bs015,55
bs015_N_N_0_1,bs015,55
bs015_N_N_0_2,bs015,55
bs015_N_N_0_3,bs015,55
bs015_N_N_0_4,bs015,55
bs016_N_N_0_0,bs016,56
bs016_N_N_0_1,bs016,56
bs016_N_N_0_2,bs016,56
bs016_N_N_0_3,bs016,56
bs016_N_N_0_4,bs016,56
bs017_N_N_0_0,bs017,57
bs017_N_N_0_1,bs017,57
bs017_N_N_0_2,bs017,57
bs017_N_N_0_3,bs017,57
bs017_N_N_0_4,bs017,57
bs018_N_N_0_0,bs018,58
bs018_N_N_0_1,bs018,58
bs018_N_N_0_2,bs018,58
bs018_N_N_0_3,bs018,58
bs018_N_N_0_4,bs018,58
bs019_N_N_0_0,bs019,59
bs019_N_N_0_1,bs019,59
bs019_N_N_0_2,bs019,59
bs019_N_N_0_3,bs019,59
bs019_N_N_0_4,bs019,59
bs020_N_N_0_0,bs020,60
bs020_N_N_0_1,bs020,60
bs020_N_N_0_2,bs020,60
bs020_N_N_0_3,bs020,60
bs020_N_N_0_4,bs020,60
bs021_N_N_0_0,bs021,61
bs021_N_N_0_1,bs021,61
bs021_N_N_0_2,bs021,61
bs021_N_N_0_3,bs021,61
bs021_N_N_0_4,bs021,61
bs022_N_N_0_0,bs022,62
bs022_N_N_0_1,bs022,62
bs022_N_N_0_2,bs022,62
bs022_N_N_0_3,bs022,62
bs022_N_N_0_4,bs022,62
bs023_N_N_0_0,bs023,63
bs023_N_N_0_1,bs023,63
bs023_N_N_0_2,bs023,63
bs023_N_N_0_3,bs023,63
bs023_N_N_0_4,bs023,63
bs024_N_N_0_0,bs024,64
bs024_N_N_0_1,bs024,64
bs024_N_N_0_2,bs024,64
bs024_N_N_0_3,bs024,64
bs024_N_N_0_4,bs024,64
bs025_N_N_0_0,bs025,65
bs025_N_N_0_1,bs025,65
bs025_N_N_0_2,bs025,65
bs025_N_N_0_3,bs025,65
bs025_N_N_0_4,bs025,65
bs025_N_N_1_0,bs025,65
bs025_N_N_1_1,bs025,65
bs025_N_N_1_2,bs025,65
bs025_N_N_1_3,bs025,65
bs025_N_N_1_4,bs025,65
bs026_N_N_0_0,bs026,66
bs026_N_N_0_1,bs026,66
bs026_N_N_0_2,bs026,66
bs026_N_N_0_3,bs026,66
bs026_N_N_0_4,bs026,66
bs027_N_N_0_0,bs027,67
bs027_N_N_0_1,bs027,67
bs027_N_N_0_2,bs027,67
bs027_N_N_0_3,bs027,67
bs027_N_N_0_4,bs027,67
bs028_N_N_0_0,bs028,68
bs028_N_N_0_1,bs028,68
bs028_N_N_0_2,bs028,68
bs028_N_N_0_3,bs028,68
bs028_N_N_0_4,bs028,68
bs029_N_N_0_0,bs029,69
bs029_N_N_0_1,bs029,69
bs029_N_N_0_2,bs029,69
bs029_N_N_0_3,bs029,69
bs029_N_N_0_4,bs029,69
bs030_N_N_0_0,bs030,70
bs030_N_N_0_1,bs030,70
bs030_N_N_0_2,bs030,70
bs030_N_N_0_3,bs030,70
bs030_N_N_0_4,bs030,70
bs031_N_N_0_0,bs031,71
bs031_N_N_0_1,bs031,71
bs031_N_N_0_2,bs031,71
bs031_N_N_0_3,bs031,71
bs031_N_N_0_4,bs031,71
bs032_N_N_0_0,bs032,72
bs032_N_N_0_1,bs032,72
bs032_N_N_0_2,bs032,72
bs032_N_N_0_3,bs032,72
bs032_N_N_0_4,bs032,72
bs033_N_N_0_0,bs033,73
bs033_N_N_0_1,bs033,73
bs033_N_N_0_2,bs033,73
bs033_N_N_0_3,bs033,73
bs033_N_N_0_4,bs033,73
bs033_N_N_1_0,bs033,73
bs033_N_N_1_1,bs033,73
bs033_N_N_1_2,bs033,73
bs033_N_N_1_3,bs033,73
bs033_N_N_1_4,bs033,73
bs034_N_N_0_0,bs034,74
bs034_N_N_0_1,bs034,74
bs034_N_N_0_2,bs034,74
bs034_N_N_0_3,bs034,74
bs034_N_N_0_4,bs034,74
bs034_N_N_1_0,bs034,74
bs034_N_N_1_1,bs034,74
bs034_N_N_1_2,bs034,74
bs034_N_N_1_3,bs034,74
bs034_N_N_1_4,bs034,74
bs035_N_N_0_0,bs035,75
bs035_N_N_0_1,bs035,75
bs035_N_N_0_2,bs035,75
bs035_N_N_0_3,bs035,75
bs035_N_N_0_4,bs035,75
bs035_N_N_1_0,bs035,75
bs035_N_N_1_1,bs035,75
bs035_N_N_1_2,bs035,75
bs035_N_N_1_3,bs035,75
bs035_N_N_1_4,bs035,75
bs036_N_N_0_0,bs036,76
bs036_N_N_0_1,bs036,76
bs036_N_N_0_2,bs036,76
bs036_N_N_0_3,bs036,76
bs036_N_N_0_4,bs036,76
bs036_N_N_1_0,bs036,76
bs036_N_N_1_1,bs036,76
bs036_N_N_1_2,bs036,76
bs036_N_N_1_3,bs036,76
bs036_N_N_1_4,bs036,76
bs037_N_N_0_0,bs037,77
bs037_N_N_0_1,bs037,77
bs037_N_N_0_2,bs037,77
bs037_N_N_0_3,bs037,77
bs037_N_N_0_4,bs037,77
bs037_N_N_1_0,bs037,77
bs037_N_N_1_1,bs037,77
bs037_N_N_1_2,bs037,77
bs037_N_N_1_3,bs037,77
bs037_N_N_1_4,bs037,77
bs037_N_N_2_0,bs037,77
bs037_N_N_2_1,bs037,77
bs037_N_N_2_2,bs037,77
bs037_N_N_2_3,bs037,77
bs037_N_N_2_4,bs037,77
bs038_N_N_0_0,bs038,78
bs038_N_N_0_1,bs038,78
bs038_N_N_0_2,bs038,78
bs038_N_N_0_3,bs038,78
bs038_N_N_0_4,bs038,78
bs038_N_N_1_0,bs038,78
bs038_N_N_1_1,bs038,78
bs038_N_N_1_2,bs038,78
bs038_N_N_1_3,bs038,78
bs038_N_N_1_4,bs038,78
bs039_N_N_0_0,bs039,79
bs039_N_N_0_1,bs039,79
bs039_N_N_0_2,bs039,79
bs039_N_N_0_3,bs039,79
bs039_N_N_0_4,bs039,79
bs040_N_N_0_0,bs040,80
bs040_N_N_0_1,bs040,80
bs040_N_N_0_2,bs040,80
bs040_N_N_0_3,bs040,80
bs040_N_N_0_4,bs040,80
bs040_N_N_1_0,bs040,80
bs040_N_N_1_1,bs040,80
bs040_N_N_1_2,bs040,80
bs040_N_N_1_3,bs040,80
bs040_N_N_1_4,bs040,80
bs041_N_N_0_0,bs041,81
bs041_N_N_0_1,bs041,81
bs041_N_N_0_2,bs041,81
bs041_N_N_0_3,bs041,81
bs041_N_N_0_4,bs041,81
bs041_N_N_1_0,bs041,81
bs041_N_N_1_1,bs041,81
bs041_N_N_1_2,bs041,81
bs041_N_N_1_3,bs041,81
bs041_N_N_1_4,bs041,81
bs042_N_N_0_0,bs042,82
bs042_N_N_0_1,bs042,82
bs042_N_N_0_2,bs042,82
bs042_N_N_0_3,bs042,82
bs042_N_N_0_4,bs042,82
bs042_N_N_1_0,bs042,82
bs042_N_N_1_1,bs042,82
bs042_N_N_1_2,bs042,82
bs042_N_N_1_3,bs042,82
bs042_N_N_1_4,bs042,82
bs043_N_N_0_0,bs043,83
bs043_N_N_0_1,bs043,83
bs043_N_N_0_2,bs043,83
bs043_N_N_0_3,bs043,83
bs043_N_N_0_4,bs043,83
bs043_N_N_1_0,bs043,83
bs043_N_N_1_1,bs043,83
bs043_N_N_1_2,bs043,83
bs043_N_N_1_3,bs043,83
bs043_N_N_1_4,bs043,83
bs044_N_N_0_0,bs044,84
bs044_N_N_0_1,bs044,84
bs044_N_N_0_2,bs044,84
bs044_N_N_0_3,bs044,84
bs044_N_N_0_4,bs044,84
bs044_N_N_1_0,bs044,84
bs044_N_N_1_1,bs044,84
bs044_N_N_1_2,bs044,84
bs044_N_N_1_3,bs044,84
bs044_N_N_1_4,bs044,84
bs045_N_N_0_0,bs045,85
bs045_N_N_0_1,bs045,85
bs045_N_N_0_2,bs045,85
bs045_N_N_0_3,bs045,85
bs045_N_N_0_4,bs045,85
bs045_N_N_1_0,bs045,85
bs045_N_N_1_1,bs045,85
bs045_N_N_1_2,bs045,85
bs045_N_N_1_3,bs045,85
bs045_N_N_1_4,bs045,85
bs046_N_N_0_0,bs046,86
bs046_N_N_0_1,bs046,86
bs046_N_N_0_2,bs046,86
bs046_N_N_0_3,bs046,86
bs046_N_N_0_4,bs046,86
bs046_N_N_1_0,bs046,86
bs046_N_N_1_1,bs046,86
bs046_N_N_1_2,bs046,86
bs046_N_N_1_3,bs046,86
bs046_N_N_1_4,bs046,86
bs047_N_N_0_0,bs047,87
bs047_N_N_0_1,bs047,87
bs047_N_N_0_2,bs047,87
bs047_N_N_0_3,bs047,87
bs047_N_N_0_4,bs047,87
bs047_N_N_1_0,bs047,87
bs047_N_N_1_1,bs047,87
bs047_N_N_1_2,bs047,87
bs047_N_N_1_3,bs047,87
bs047_N_N_1_4,bs047,87
bs047_N_N_2_0,bs047,87
bs047_N_N_2_1,bs047,87
bs047_N_N_2_2,bs047,87
bs047_N_N_2_3,bs047,87
bs047_N_N_2_4,bs047,87
bs047_N_N_3_0,bs047,87
bs047_N_N_3_1,bs047,87
bs047_N_N_3_2,bs047,87
bs047_N_N_3_3,bs047,87
bs047_N_N_3_4,bs047,87
bs048_N_N_0_0,bs048,88
bs048_N_N_0_1,bs048,88
bs048_N_N_0_2,bs048,88
bs048_N_N_0_3,bs048,88
bs048_N_N_0_4,bs048,88
bs048_N_N_1_0,bs048,88
bs048_N_N_1_1,bs048,88
bs048_N_N_1_2,bs048,88
bs048_N_N_1_3,bs048,88
bs048_N_N_1_4,bs048,88
bs048_N_N_2_0,bs048,88
bs048_N_N_2_1,bs048,88
bs048_N_N_2_2,bs048,88
bs048_N_N_2_3,bs048,88
bs048_N_N_2_4,bs048,88
bs048_N_N_3_0,bs048,88
bs048_N_N_3_1,bs048,88
bs048_N_N_3_2,bs048,88
bs048_N_N_3_3,bs048,88
bs048_N_N_3_4,bs048,88
bs049_N_N_0_0,bs049,89
bs049_N_N_0_1,bs049,89
bs049_N_N_0_2,bs049,89
bs049_N_N_0_3,bs049,89
bs049_N_N_0_4,bs049,89
bs049_N_N_1_0,bs049,89
bs049_N_N_1_1,bs049,89
bs049_N_N_1_2,bs049,89
bs049_N_N_1_3,bs049,89
bs049_N_N_1_4,bs049,89
bs049_N_N_2_0,bs049,89
bs049_N_N_2_1,bs049,89
bs049_N_N_2_2,bs049,89
bs049_N_N_2_3,bs049,89
bs049_N_N_2_4,bs049,89
bs049_N_N_3_0,bs049,89
bs049_N_N_3_1,bs049,89
bs049_N_N_3_2,bs049,89
bs049_N_N_3_3,bs049,89
bs049_N_N_3_4,bs049,89
bs050_N_N_0_0,bs050,90
bs050_N_N_0_1,bs050,90
bs050_N_N_0_2,bs050,90
bs050_N_N_0_3,bs050,90
bs050_N_N_0_4,bs050,90
bs050_N_N_1_0,bs050,90
bs050_N_N_1_1,bs050,90
bs050_N_N_1_2,bs050,90
bs050_N_N_1_3,bs050,90
bs050_N_N_1_4,bs050,90
bs050_N_N_2_0,bs050,90
bs050_N_N_2_1,bs050,90
bs050_N_N_2_2,bs050,90
bs050_N_N_2_3,bs050,90
bs050_N_N_2_4,bs050,90
bs050_N_N_3_0,bs050,90
bs050_N_N_3_1,bs050,90
bs050_N_N_3_2,bs050,90
bs050_N_N_3_3,bs050,90
bs050_N_N_3_4,bs050,90
bs051_N_N_0_0,bs051,91
bs051_N_N_0_1,bs051,91
bs051_N_N_0_2,bs051,91
bs051_N_N_0_3,bs051,91
bs051_N_N_0_4,bs051,91
bs051_N_N_1_0,bs051,91
bs051_N_N_1_1,bs051,91
bs051_N_N_1_2,bs051,91
bs051_N_N_1_3,bs051,91
bs051_N_N_1_4,bs051,91
bs051_N_N_2_0,bs051,91
bs051_N_N_2_1,bs051,91
bs051_N_N_2_2,bs051,91
bs051_N_N_2_3,bs051,91
bs051_N_N_2_4,bs051,91
bs051_N_N_3_0,bs051,91
bs051_N_N_3_1,bs051,91
bs051_N_N_3_2,bs051,91
bs051_N_N_3_3,bs051,91
bs051_N_N_3_4,bs051,91
bs052_N_N_0_0,bs052,92
bs052_N_N_0_1,bs052,92
bs052_N_N_0_2,bs052,92
bs052_N_N_0_3,bs052,92
bs052_N_N_0_4,bs052,92
bs052_N_N_1_0,bs052,92
bs052_N_N_1_1,bs052,92
bs052_N_N_1_2,bs052,92
bs052_N_N_1_3,bs052,92
bs052_N_N_1_4,bs052,92
bs052_N_N_2_0,bs052,92
bs052_N_N_2_1,bs052,92
bs052_N_N_2_2,bs052,92
bs052_N_N_2_3,bs052,92
bs052_N_N_2_4,bs052,92
bs052_N_N_3_0,bs052,92
bs052_N_N_3_1,bs052,92
bs052_N_N_3_2,bs052,92
bs052_N_N_3_3,bs052,92
bs052_N_N_3_4,bs052,92
bs053_N_N_0_0,bs053,93
bs053_N_N_0_1,bs053,93
bs053_N_N_0_2,bs053,93
bs053_N_N_0_3,bs053,93
bs053_N_N_0_4,bs053,93
bs053_N_N_1_0,bs053,93
bs053_N_N_1_1,bs053,93
bs053_N_N_1_2,bs053,93
bs053_N_N_1_3,bs053,93
bs053_N_N_1_4,bs053,93
bs053_N_N_2_0,bs053,93
bs053_N_N_2_1,bs053,93
bs053_N_N_2_2,bs053,93
bs053_N_N_2_3,bs053,93
bs053_N_N_2_4,bs053,93
bs053_N_N_3_0,bs053,93
bs053_N_N_3_1,bs053,93
bs053_N_N_3_2,bs053,93
bs053_N_N_3_3,bs053,93
bs053_N_N_3_4,bs053,93
bs054_N_N_0_0,bs054,94
bs054_N_N_0_1,bs054,94
bs054_N_N_0_2,bs054,94
bs054_N_N_0_3,bs054,94
bs054_N_N_0_4,bs054,94
bs054_N_N_1_0,bs054,94
bs054_N_N_1_1,bs054,94
bs054_N_N_1_2,bs054,94
bs054_N_N_1_3,bs054,94
bs054_N_N_1_4,bs054,94
bs054_N_N_2_0,bs054,94
bs054_N_N_2_1,bs054,94
bs054_N_N_2_2,bs054,94
bs054_N_N_2_3,bs054,94
bs054_N_N_2_4,bs054,94
bs054_N_N_3_0,bs054,94
bs054_N_N_3_1,bs054,94
bs054_N_N_3_2,bs054,94
bs054_N_N_3_3,bs054,94
bs054_N_N_3_4,bs054,94
bs055_N_N_0_0,bs055,95
bs055_N_N_0_1,bs055,95
bs055_N_N_0_2,bs055,95
bs055_N_N_0_3,bs055,95
bs055_N_N_0_4,bs055,95
bs055_N_N_1_0,bs055,95
bs055_N_N_1_1,bs055,95
bs055_N_N_1_2,bs055,95
bs055_N_N_1_3,bs055,95
bs055_N_N_1_4,bs055,95
bs055_N_N_2_0,bs055,95
bs055_N_N_2_1,bs055,95
bs055_N_N_2_2,bs055,95
bs055_N_N_2_3,bs055,95
bs055_N_N_2_4,bs055,95
bs055_N_N_3_0,bs055,95
bs055_N_N_3_1,bs055,95
bs055_N_N_3_2,bs055,95
bs055_N_N_3_3,bs055,95
bs055_N_N_3_4,bs055,95
bs056_N_N_0_0,bs056,96
bs056_N_N_0_1,bs056,96
bs056_N_N_0_2,bs056,96
bs056_N_N_0_3,bs056,96
bs056_N_N_0_4,bs056,96
bs056_N_N_1_0,bs056,96
bs056_N_N_1_1,bs056,96
bs056_N_N_1_2,bs056,96
bs056_N_N_1_3,bs056,96
bs056_N_N_1_4,bs056,96
bs056_N_N_2_0,bs056,96
bs056_N_N_2_1,bs056,96
bs056_N_N_2_2,bs056,96
bs056_N_N_2_3,bs056,96
bs056_N_N_2_4,bs056,96
bs056_N_N_3_0,bs056,96
bs056_N_N_3_1,bs056,96
bs056_N_N_3_2,bs056,96
bs056_N_N_3_3,bs056,96
bs056_N_N_3_4,bs056,96
bs057_N_N_0_0,bs057,97
bs057_N_N_0_1,bs057,97
bs057_N_N_0_2,bs057,97
bs057_N_N_0_3,bs057,97
bs057_N_N_0_4,bs057,97
bs057_N_N_1_0,bs057,97
bs057_N_N_1_1,bs057,97
bs057_N_N_1_2,bs057,97
bs057_N_N_1_3,bs057,97
bs057_N_N_1_4,bs057,97
bs057_N_N_2_0,bs057,97
bs057_N_N_2_1,bs057,97
bs057_N_N_2_2,bs057,97
bs057_N_N_2_3,bs057,97
bs057_N_N_2_4,bs057,97
bs057_N_N_3_0,bs057,97
bs057_N_N_3_1,bs057,97
bs057_N_N_3_2,bs057,97
bs057_N_N_3_3,bs057,97
bs057_N_N_3_4,bs057,97
bs058_N_N_0_0,bs058,98
bs058_N_N_0_1,bs058,98
bs058_N_N_0_2,bs058,98
bs058_N_N_0_3,bs058,98
bs058_N_N_0_4,bs058,98
bs058_N_N_1_0,bs058,98
bs058_N_N_1_1,bs058,98
bs058_N_N_1_2,bs058,98
bs058_N_N_1_3,bs058,98
bs058_N_N_1_4,bs058,98
bs058_N_N_2_0,bs058,98
bs058_N_N_2_1,bs058,98
bs058_N_N_2_2,bs058,98
bs058_N_N_2_3,bs058,98
bs058_N_N_2_4,bs058,98
bs058_N_N_3_0,bs058,98
bs058_N_N_3_1,bs058,98
bs058_N_N_3_2,bs058,98
bs058_N_N_3_3,bs058,98
bs058_N_N_3_4,bs058,98
bs059_N_N_0_0,bs059,99
bs059_N_N_0_1,bs059,99
bs059_N_N_0_2,bs059,99
bs059_N_N_0_3,bs059,99
bs059_N_N_0_4,bs059,99
bs059_N_N_1_0,bs059,99
bs059_N_N_1_1,bs059,99
bs059_N_N_1_2,bs059,99
bs059_N_N_1_3,bs059,99
bs059_N_N_1_4,bs059,99
bs059_N_N_2_0,bs059,99
bs059_N_N_2_1,bs059,99
bs059_N_N_2_2,bs059,99
bs059_N_N_2_3,bs059,99
bs059_N_N_2_4,bs059,99
bs059_N_N_3_0,bs059,99
bs059_N_N_3_1,bs059,99
bs059_N_N_3_2,bs059,99
bs059_N_N_3_3,bs059,99
bs059_N_N_3_4,bs059,99
bs060_N_N_0_0,bs060,100
bs060_N_N_0_1,bs060,100
bs060_N_N_0_2,bs060,100
bs060_N_N_0_3,bs060,100
bs060_N_N_0_4,bs060,100
bs060_N_N_1_0,bs060,100
bs060_N_N_1_1,bs060,100
bs060_N_N_1_2,bs060,100
bs060_N_N_1_3,bs060,100
bs060_N_N_1_4,bs060,100
bs060_N_N_2_0,bs060,100
bs060_N_N_2_1,bs060,100
bs060_N_N_2_2,bs060,100
bs060_N_N_2_3,bs060,100
bs060_N_N_2_4,bs060,100
bs060_N_N_3_0,bs060,100
bs060_N_N_3_1,bs060,100
bs060_N_N_3_2,bs060,100
bs060_N_N_3_3,bs060,100
bs060_N_N_3_4,bs060,100
bs061_N_N_0_0,bs061,101
bs061_N_N_0_1,bs061,101
bs061_N_N_0_2,bs061,101
bs061_N_N_0_3,bs061,101
bs061_N_N_0_4,bs061,101
bs061_N_N_1_0,bs061,101
bs061_N_N_1_1,bs061,101
bs061_N_N_1_2,bs061,101
bs061_N_N_1_3,bs061,101
bs061_N_N_1_4,bs061,101
bs061_N_N_2_0,bs061,101
bs061_N_N_2_1,bs061,101
bs061_N_N_2_2,bs061,101
bs061_N_N_2_3,bs061,101
bs061_N_N_2_4,bs061,101
bs061_N_N_3_0,bs061,101
bs061_N_N_3_1,bs061,101
bs061_N_N_3_2,bs061,101
bs061_N_N_3_3,bs061,101
bs061_N_N_3_4,bs061,101
bs062_N_N_0_0,bs062,102
bs062_N_N_0_1,bs062,102
bs062_N_N_0_2,bs062,102
bs062_N_N_0_3,bs062,102
bs062_N_N_0_4,bs062,102
bs062_N_N_1_0,bs062,102
bs062_N_N_1_1,bs062,102
bs062_N_N_1_2,bs062,102
bs062_N_N_1_3,bs062,102
bs062_N_N_1_4,bs062,102
bs062_N_N_2_0,bs062,102
bs062_N_N_2_1,bs062,102
bs062_N_N_2_2,bs062,102
bs062_N_N_2_3,bs062,102
bs062_N_N_2_4,bs062,102
bs062_N_N_3_0,bs062,102
bs062_N_N_3_1,bs062,102
bs062_N_N_3_2,bs062,102
bs062_N_N_3_3,bs062,102
bs062_N_N_3_4,bs062,102
bs063_N_N_0_0,bs063,103
bs063_N_N_0_1,bs063,103
bs063_N_N_0_2,bs063,103
bs063_N_N_0_3,bs063,103
bs063_N_N_0_4,bs063,103
bs063_N_N_1_0,bs063,103
bs063_N_N_1_1,bs063,103
bs063_N_N_1_2,bs063,103
bs063_N_N_1_3,bs063,103
bs063_N_N_1_4,bs063,103
bs063_N_N_2_0,bs063,103
bs063_N_N_2_1,bs063,103
bs063_N_N_2_2,bs063,103
bs063_N_N_2_3,bs063,103
bs063_N_N_2_4,bs063,103
bs063_N_N_3_0,bs063,103
bs063_N_N_3_1,bs063,103
bs063_N_N_3_2,bs063,103
bs063_N_N_3_3,bs063,103
bs063_N_N_3_4,bs063,103
bs064_N_N_0_0,bs064,104
bs064_N_N_0_1,bs064,104
bs064_N_N_0_2,bs064,104
bs064_N_N_0_3,bs064,104
bs064_N_N_0_4,bs064,104
bs064_N_N_1_0,bs064,104
bs064_N_N_1_1,bs064,104
bs064_N_N_1_2,bs064,104
bs064_N_N_1_3,bs064,104
bs064_N_N_1_4,bs064,104
bs064_N_N_2_0,bs064,104
bs064_N_N_2_1,bs064,104
bs064_N_N_2_2,bs064,104
bs064_N_N_2_3,bs064,104
bs064_N_N_2_4,bs064,104
bs064_N_N_3_0,bs064,104
bs064_N_N_3_1,bs064,104
bs064_N_N_3_2,bs064,104
bs064_N_N_3_3,bs064,104
bs064_N_N_3_4,bs064,104
bs065_N_N_0_0,bs065,105
bs065_N_N_0_1,bs065,105
bs065_N_N_0_2,bs065,105
bs065_N_N_0_3,bs065,105
bs065_N_N_0_4,bs065,105
bs065_N_N_1_0,bs065,105
bs065_N_N_1_1,bs065,105
bs065_N_N_1_2,bs065,105
bs065_N_N_1_3,bs065,105
bs065_N_N_1_4,bs065,105
bs065_N_N_2_0,bs065,105
bs065_N_N_2_1,bs065,105
bs065_N_N_2_2,bs065,105
bs065_N_N_2_3,bs065,105
bs065_N_N_2_4,bs065,105
bs065_N_N_3_0,bs065,105
bs065_N_N_3_1,bs065,105
bs065_N_N_3_2,bs065,105
bs065_N_N_3_3,bs065,105
bs065_N_N_3_4,bs065,105
bs066_N_N_0_0,bs066,106
bs066_N_N_0_1,bs066,106
bs066_N_N_0_2,bs066,106
bs066_N_N_0_3,bs066,106
bs066_N_N_0_4,bs066,106
bs066_N_N_1_0,bs066,106
bs066_N_N_1_1,bs066,106
bs066_N_N_1_2,bs066,106
bs066_N_N_1_3,bs066,106
bs066_N_N_1_4,bs066,106
bs066_N_N_2_0,bs066,106
bs066_N_N_2_1,bs066,106
bs066_N_N_2_2,bs066,106
bs066_N_N_2_3,bs066,106
bs066_N_N_2_4,bs066,106
bs066_N_N_3_0,bs066,106
bs066_N_N_3_1,bs066,106
bs066_N_N_3_2,bs066,106
bs066_N_N_3_3,bs066,106
bs066_N_N_3_4,bs066,106
bs067_N_N_0_0,bs067,107
bs067_N_N_0_1,bs067,107
bs067_N_N_0_2,bs067,107
bs067_N_N_0_3,bs067,107
bs067_N_N_0_4,bs067,107
bs067_N_N_1_0,bs067,107
bs067_N_N_1_1,bs067,107
bs067_N_N_1_2,bs067,107
bs067_N_N_1_3,bs067,107
bs067_N_N_1_4,bs067,107
bs067_N_N_2_0,bs067,107
bs067_N_N_2_1,bs067,107
bs067_N_N_2_2,bs067,107
bs067_N_N_2_3,bs067,107
bs067_N_N_2_4,bs067,107
bs067_N_N_3_0,bs067,107
bs067_N_N_3_1,bs067,107
bs067_N_N_3_2,bs067,107
bs067_N_N_3_3,bs067,107
bs067_N_N_3_4,bs067,107
bs068_N_N_0_0,bs068,108
bs068_N_N_0_1,bs068,108
bs068_N_N_0_2,bs068,108
bs068_N_N_0_3,bs068,108
bs068_N_N_0_4,bs068,108
bs068_N_N_1_0,bs068,108
bs068_N_N_1_1,bs068,108
bs068_N_N_1_2,bs068,108
bs068_N_N_1_3,bs068,108
bs068_N_N_1_4,bs068,108
bs068_N_N_2_0,bs068,108
bs068_N_N_2_1,bs068,108
bs068_N_N_2_2,bs068,108
bs068_N_N_2_3,bs068,108
bs068_N_N_2_4,bs068,108
bs068_N_N_3_0,bs068,108
bs068_N_N_3_1,bs068,108
bs068_N_N_3_2,bs068,108
bs068_N_N_3_3,bs068,108
bs068_N_N_3_4,bs068,108
bs069_N_N_0_0,bs069,109
bs069_N_N_0_1,bs069,109
bs069_N_N_0_2,bs069,109
bs069_N_N_0_3,bs069,109
bs069_N_N_0_4,bs069,109
bs069_N_N_1_0,bs069,109
bs069_N_N_1_1,bs069,109
bs069_N_N_1_2,bs069,109
bs069_N_N_1_3,bs069,109
bs069_N_N_1_4,bs069,109
bs069_N_N_2_0,bs069,109
bs069_N_N_2_1,bs069,109
bs069_N_N_2_2,bs069,109
bs069_N_N_2_3,bs069,109
bs069_N_N_2_4,bs069,109
bs069_N_N_3_0,bs069,109
bs069_N_N_3_1,bs069,109
bs069_N_N_3_2,bs069,109
bs069_N_N_3_3,bs069,109
bs069_N_N_3_4,bs069,109
bs070_N_N_0_0,bs070,110
bs070_N_N_0_1,bs070,110
bs070_N_N_0_2,bs070,110
bs070_N_N_0_3,bs070,110
bs070_N_N_0_4,bs070,110
bs070_N_N_1_0,bs070,110
bs070_N_N_1_1,bs070,110
bs070_N_N_1_2,bs070,110
bs070_N_N_1_3,bs070,110
bs070_N_N_1_4,bs070,110
bs070_N_N_2_0,bs070,110
bs070_N_N_2_1,bs070,110
bs070_N_N_2_2,bs070,110
bs070_N_N_2_3,bs070,110
bs070_N_N_2_4,bs070,110
bs070_N_N_3_0,bs070,110
bs070_N_N_3_1,bs070,110
bs070_N_N_3_2,bs070,110
bs070_N_N_3_3,bs070,110
bs070_N_N_3_4,bs070,110
bs071_N_N_0_0,bs071,111
bs071_N_N_0_1,bs071,111
bs071_N_N_0_2,bs071,111
bs071_N_N_0_3,bs071,111
bs071_N_N_0_4,bs071,111
bs071_N_N_1_0,bs071,111
bs071_N_N_1_1,bs071,111
bs071_N_N_1_2,bs071,111
bs071_N_N_1_3,bs071,111
bs071_N_N_1_4,bs071,111
bs071_N_N_2_0,bs071,111
bs071_N_N_2_1,bs071,111
bs071_N_N_2_2,bs071,111
bs071_N_N_2_3,bs071,111
bs071_N_N_2_4,bs071,111
bs071_N_N_3_0,bs071,111
bs071_N_N_3_1,bs071,111
bs071_N_N_3_2,bs071,111
bs071_N_N_3_3,bs071,111
bs071_N_N_3_4,bs071,111
bs072_N_N_0_0,bs072,112
bs072_N_N_0_1,bs072,112
bs072_N_N_0_2,bs072,112
bs072_N_N_0_3,bs072,112
bs072_N_N_0_4,bs072,112
bs072_N_N_1_0,bs072,112
bs072_N_N_1_1,bs072,112
bs072_N_N_1_2,bs072,112
bs072_N_N_1_3,bs072,112
bs072_N_N_1_4,bs072,112
bs072_N_N_2_0,bs072,112
bs072_N_N_2_1,bs072,112
bs072_N_N_2_2,bs072,112
bs072_N_N_2_3,bs072,112
bs072_N_N_2_4,bs072,112
bs072_N_N_3_0,bs072,112
bs072_N_N_3_1,bs072,112
bs072_N_N_3_2,bs072,112
bs072_N_N_3_3,bs072,112
bs072_N_N_3_4,bs072,112
bs073_N_N_0_0,bs073,113
bs073_N_N_0_1,bs073,113
bs073_N_N_0_2,bs073,113
bs073_N_N_0_3,bs073,113
bs073_N_N_0_4,bs073,113
bs073_N_N_1_0,bs073,113
bs073_N_N_1_1,bs073,113
bs073_N_N_1_2,bs073,113
bs073_N_N_1_3,bs073,113
bs073_N_N_1_4,bs073,113
bs073_N_N_2_0,bs073,113
bs073_N_N_2_1,bs073,113
bs073_N_N_2_2,bs073,113
bs073_N_N_2_3,bs073,113
bs073_N_N_2_4,bs073,113
bs073_N_N_3_0,bs073,113
bs073_N_N_3_1,bs073,113
bs073_N_N_3_2,bs073,113
bs073_N_N_3_3,bs073,113
bs073_N_N_3_4,bs073,113
bs074_N_N_0_0,bs074,114
bs074_N_N_0_1,bs074,114
bs074_N_N_0_2,bs074,114
bs074_N_N_0_3,bs074,114
bs074_N_N_0_4,bs074,114
bs074_N_N_1_0,bs074,114
bs074_N_N_1_1,bs074,114
bs074_N_N_1_2,bs074,114
bs074_N_N_1_3,bs074,114
bs074_N_N_1_4,bs074,114
bs074_N_N_2_0,bs074,114
bs074_N_N_2_1,bs074,114
bs074_N_N_2_2,bs074,114
bs074_N_N_2_3,bs074,114
bs074_N_N_2_4,bs074,114
bs074_N_N_3_0,bs074,114
bs074_N_N_3_1,bs074,114
bs074_N_N_3_2,bs074,114
bs074_N_N_3_3,bs074,114
bs074_N_N_3_4,bs074,114
bs075_N_N_0_0,bs075,115
bs075_N_N_0_1,bs075,115
bs075_N_N_0_2,bs075,115
bs075_N_N_0_3,bs075,115
bs075_N_N_0_4,bs075,115
bs075_N_N_1_0,bs075,115
bs075_N_N_1_1,bs075,115
bs075_N_N_1_2,bs075,115
bs075_N_N_1_3,bs075,115
bs075_N_N_1_4,bs075,115
bs075_N_N_2_0,bs075,115
bs075_N_N_2_1,bs075,115
bs075_N_N_2_2,bs075,115
bs075_N_N_2_3,bs075,115
bs075_N_N_2_4,bs075,115
bs075_N_N_3_0,bs075,115
bs075_N_N_3_1,bs075,115
bs075_N_N_3_2,bs075,115
bs075_N_N_3_3,bs075,115
bs075_N_N_3_4,bs075,115
bs076_N_N_0_0,bs076,116
bs076_N_N_0_1,bs076,116
bs076_N_N_0_2,bs076,116
bs076_N_N_0_3,bs076,116
bs076_N_N_0_4,bs076,116
bs076_N_N_1_0,bs076,116
bs076_N_N_1_1,bs076,116
bs076_N_N_1_2,bs076,116
bs076_N_N_1_3,bs076,116
bs076_N_N_1_4,bs076,116
bs076_N_N_2_0,bs076,116
bs076_N_N_2_1,bs076,116
bs076_N_N_2_2,bs076,116
bs076_N_N_2_3,bs076,116
bs076_N_N_2_4,bs076,116
bs076_N_N_3_0,bs076,116
bs076_N_N_3_1,bs076,116
bs076_N_N_3_2,bs076,116
bs076_N_N_3_3,bs076,116
bs076_N_N_3_4,bs076,116
bs077_N_N_0_0,bs077,117
bs077_N_N_0_1,bs077,117
bs077_N_N_0_2,bs077,117
bs077_N_N_0_3,bs077,117
bs077_N_N_0_4,bs077,117
bs077_N_N_1_0,bs077,117
bs077_N_N_1_1,bs077,117
bs077_N_N_1_2,bs077,117
bs077_N_N_1_3,bs077,117
bs077_N_N_1_4,bs077,117
bs077_N_N_2_0,bs077,117
bs077_N_N_2_1,bs077,117
bs077_N_N_2_2,bs077,117
bs077_N_N_2_3,bs077,117
bs077_N_N_2_4,bs077,117
bs077_N_N_3_0,bs077,117
bs077_N_N_3_1,bs077,117
bs077_N_N_3_2,bs077,117
bs077_N_N_3_3,bs077,117
bs077_N_N_3_4,bs077,117
bs078_N_N_0_0,bs078,118
bs078_N_N_0_1,bs078,118
bs078_N_N_0_2,bs078,118
bs078_N_N_0_3,bs078,118
bs078_N_N_0_4,bs078,118
bs078_N_N_1_0,bs078,118
bs078_N_N_1_1,bs078,118
bs078_N_N_1_2,bs078,118
bs078_N_N_1_3,bs078,118
bs078_N_N_1_4,bs078,118
bs078_N_N_2_0,bs078,118
bs078_N_N_2_1,bs078,118
bs078_N_N_2_2,bs078,118
bs078_N_N_2_3,bs078,118
bs078_N_N_2_4,bs078,118
bs078_N_N_3_0,bs078,118
bs078_N_N_3_1,bs078,118
bs078_N_N_3_2,bs078,118
bs078_N_N_3_3,bs078,118
bs078_N_N_3_4,bs078,118
bs079_N_N_0_0,bs079,119
bs079_N_N_0_1,bs079,119
bs079_N_N_0_2,bs079,119
bs079_N_N_0_3,bs079,119
bs079_N_N_0_4,bs079,119
bs079_N_N_1_0,bs079,119
bs079_N_N_1_1,bs079,119
bs079_N_N_1_2,bs079,119
bs079_N_N_1_3,bs079,119
bs079_N_N_1_4,bs079,119
bs079_N_N_2_0,bs079,119
bs079_N_N_2_1,bs079,119
bs079_N_N_2_2,bs079,119
bs079_N_N_2_3,bs079,119
bs079_N_N_2_4,bs079,119
bs079_N_N_3_0,bs079,119
bs079_N_N_3_1,bs079,119
bs079_N_N_3_2,bs079,119
bs079_N_N_3_3,bs079,119
bs079_N_N_3_4,bs079,119
bs080_N_N_0_0,bs080,120
bs080_N_N_0_1,bs080,120
bs080_N_N_0_2,bs080,120
bs080_N_N_0_3,bs080,120
bs080_N_N_0_4,bs080,120
bs080_N_N_1_0,bs080,120
bs080_N_N_1_1,bs080,120
bs080_N_N_1_2,bs080,120
bs080_N_N_1_3,bs080,120
bs080_N_N_1_4,bs080,120
bs080_N_N_2_0,bs080,120
bs080_N_N_2_1,bs080,120
bs080_N_N_2_2,bs080,120
bs080_N_N_2_3,bs080,120
bs080_N_N_2_4,bs080,120
bs080_N_N_3_0,bs080,120
bs080_N_N_3_1,bs080,120
bs080_N_N_3_2,bs080,120
bs080_N_N_3_3,bs080,120
bs080_N_N_3_4,bs080,120
bs081_N_N_0_0,bs081,121
bs081_N_N_0_1,bs081,121
bs081_N_N_0_2,bs081,121
bs081_N_N_0_3,bs081,121
bs081_N_N_0_4,bs081,121
bs081_N_N_1_0,bs081,121
bs081_N_N_1_1,bs081,121
bs081_N_N_1_2,bs081,121
bs081_N_N_1_3,bs081,121
bs081_N_N_1_4,bs081,121
bs081_N_N_2_0,bs081,121
bs081_N_N_2_1,bs081,121
bs081_N_N_2_2,bs081,121
bs081_N_N_2_3,bs081,121
bs081_N_N_2_4,bs081,121
bs081_N_N_3_0,bs081,121
bs081_N_N_3_1,bs081,121
bs081_N_N_3_2,bs081,121
bs081_N_N_3_3,bs081,121
bs081_N_N_3_4,bs081,121
bs082_N_N_0_0,bs082,122
bs082_N_N_0_1,bs082,122
bs082_N_N_0_2,bs082,122
bs082_N_N_0_3,bs082,122
bs082_N_N_0_4,bs082,122
bs082_N_N_1_0,bs082,122
bs082_N_N_1_1,bs082,122
bs082_N_N_1_2,bs082,122
bs082_N_N_1_3,bs082,122
bs082_N_N_1_4,bs082,122
bs082_N_N_2_0,bs082,122
bs082_N_N_2_1,bs082,122
bs082_N_N_2_2,bs082,122
bs082_N_N_2_3,bs082,122
bs082_N_N_2_4,bs082,122
bs082_N_N_3_0,bs082,122
bs082_N_N_3_1,bs082,122
bs082_N_N_3_2,bs082,122
bs082_N_N_3_3,bs082,122
bs082_N_N_3_4,bs082,122
bs083_N_N_0_0,bs083,123
bs083_N_N_0_1,bs083,123
bs083_N_N_0_2,bs083,123
bs083_N_N_0_3,bs083,123
bs083_N_N_0_4,bs083,123
bs083_N_N_1_0,bs083,123
bs083_N_N_1_1,bs083,123
bs083_N_N_1_2,bs083,123
bs083_N_N_1_3,bs083,123
bs083_N_N_1_4,bs083,123
bs083_N_N_2_0,bs083,123
bs083_N_N_2_1,bs083,123
bs083_N_N_2_2,bs083,123
bs083_N_N_2_3,bs083,123
bs083_N_N_2_4,bs083,123
bs083_N_N_3_0,bs083,123
bs083_N_N_3_1,bs083,123
bs083_N_N_3_2,bs083,123
bs083_N_N_3_3,bs083,123
bs083_N_N_3_4,bs083,123
bs084_N_N_0_0,bs084,124
bs084_N_N_0_1,bs084,124
bs084_N_N_0_2,bs084,124
bs084_N_N_0_3,bs084,124
bs084_N_N_0_4,bs084,124
bs084_N_N_1_0,bs084,124
bs084_N_N_1_1,bs084,124
bs084_N_N_1_2,bs084,124
bs084_N_N_1_3,bs084,124
bs084_N_N_1_4,bs084,124
bs084_N_N_2_0,bs084,124
bs084_N_N_2_1,bs084,124
bs084_N_N_2_2,bs084,124
bs084_N_N_2_3,bs084,124
bs084_N_N_2_4,bs084,124
bs084_N_N_3_0,bs084,124
bs084_N_N_3_1,bs084,124
bs084_N_N_3_2,bs084,124
bs084_N_N_3_3,bs084,124
bs084_N_N_3_4,bs084,124
bs085_N_N_0_0,bs085,125
bs085_N_N_0_1,bs085,125
bs085_N_N_0_2,bs085,125
bs085_N_N_0_3,bs085,125
bs085_N_N_0_4,bs085,125
bs085_N_N_1_0,bs085,125
bs085_N_N_1_1,bs085,125
bs085_N_N_1_2,bs085,125
bs085_N_N_1_3,bs085,125
bs085_N_N_1_4,bs085,125
bs085_N_N_2_0,bs085,125
bs085_N_N_2_1,bs085,125
bs085_N_N_2_2,bs085,125
bs085_N_N_2_3,bs085,125
bs085_N_N_2_4,bs085,125
bs085_N_N_3_0,bs085,125
bs085_N_N_3_1,bs085,125
bs085_N_N_3_2,bs085,125
bs085_N_N_3_3,bs085,125
bs085_N_N_3_4,bs085,125
bs086_N_N_0_0,bs086,126
bs086_N_N_0_1,bs086,126
bs086_N_N_0_2,bs086,126
bs086_N_N_0_3,bs086,126
bs086_N_N_0_4,bs086,126
bs086_N_N_1_0,bs086,126
bs086_N_N_1_1,bs086,126
bs086_N_N_1_2,bs086,126
bs086_N_N_1_3,bs086,126
bs086_N_N_1_4,bs086,126
bs086_N_N_2_0,bs086,126
bs086_N_N_2_1,bs086,126
bs086_N_N_2_2,bs086,126
bs086_N_N_2_3,bs086,126
bs086_N_N_2_4,bs086,126
bs086_N_N_3_0,bs086,126
bs086_N_N_3_1,bs086,126
bs086_N_N_3_2,bs086,126
bs086_N_N_3_3,bs086,126
bs086_N_N_3_4,bs086,126
bs087_N_N_0_0,bs087,127
bs087_N_N_0_1,bs087,127
bs087_N_N_0_2,bs087,127
bs087_N_N_0_3,bs087,127
bs087_N_N_0_4,bs087,127
bs087_N_N_1_0,bs087,127
bs087_N_N_1_1,bs087,127
bs087_N_N_1_2,bs087,127
bs087_N_N_1_3,bs087,127
bs087_N_N_1_4,bs087,127
bs087_N_N_2_0,bs087,127
bs087_N_N_2_1,bs087,127
bs087_N_N_2_2,bs087,127
bs087_N_N_2_3,bs087,127
bs087_N_N_2_4,bs087,127
bs087_N_N_3_0,bs087,127
bs087_N_N_3_1,bs087,127
bs087_N_N_3_2,bs087,127
bs087_N_N_3_3,bs087,127
bs087_N_N_3_4,bs087,127
bs088_N_N_0_0,bs088,128
bs088_N_N_0_1,bs088,128
bs088_N_N_0_2,bs088,128
bs088_N_N_0_3,bs088,128
bs088_N_N_0_4,bs088,128
bs088_N_N_1_0,bs088,128
bs088_N_N_1_1,bs088,128
bs088_N_N_1_2,bs088,128
bs088_N_N_1_3,bs088,128
bs088_N_N_1_4,bs088,128
bs088_N_N_2_0,bs088,128
bs088_N_N_2_1,bs088,128
bs088_N_N_2_2,bs088,128
bs088_N_N_2_3,bs088,128
bs088_N_N_2_4,bs088,128
bs088_N_N_3_0,bs088,128
bs088_N_N_3_1,bs088,128
bs088_N_N_3_2,bs088,128
bs088_N_N_3_3,bs088,128
bs088_N_N_3_4,bs088,128
bs089_N_N_0_0,bs089,129
bs089_N_N_0_1,bs089,129
bs089_N_N_0_2,bs089,129
bs089_N_N_0_3,bs089,129
bs089_N_N_0_4,bs089,129
bs089_N_N_1_0,bs089,129
bs089_N_N_1_1,bs089,129
bs089_N_N_1_2,bs089,129
bs089_N_N_1_3,bs089,129
bs089_N_N_1_4,bs089,129
bs089_N_N_2_0,bs089,129
bs089_N_N_2_1,bs089,129
bs089_N_N_2_2,bs089,129
bs089_N_N_2_3,bs089,129
bs089_N_N_2_4,bs089,129
bs089_N_N_3_0,bs089,129
bs089_N_N_3_1,bs089,129
bs089_N_N_3_2,bs089,129
bs089_N_N_3_3,bs089,129
bs089_N_N_3_4,bs089,129
bs090_N_N_0_0,bs090,130
bs090_N_N_0_1,bs090,130
bs090_N_N_0_2,bs090,130
bs090_N_N_0_3,bs090,130
bs090_N_N_0_4,bs090,130
bs090_N_N_1_0,bs090,130
bs090_N_N_1_1,bs090,130
bs090_N_N_1_2,bs090,130
bs090_N_N_1_3,bs090,130
bs090_N_N_1_4,bs090,130
bs090_N_N_2_0,bs090,130
bs090_N_N_2_1,bs090,130
bs090_N_N_2_2,bs090,130
bs090_N_N_2_3,bs090,130
bs090_N_N_2_4,bs090,130
bs090_N_N_3_0,bs090,130
bs090_N_N_3_1,bs090,130
bs090_N_N_3_2,bs090,130
bs090_N_N_3_3,bs090,130
bs090_N_N_3_4,bs090,130
bs091_N_N_0_0,bs091,131
bs091_N_N_0_1,bs091,131
bs091_N_N_0_2,bs091,131
bs091_N_N_0_3,bs091,131
bs091_N_N_0_4,bs091,131
bs091_N_N_1_0,bs091,131
bs091_N_N_1_1,bs091,131
bs091_N_N_1_2,bs091,131
bs091_N_N_1_3,bs091,131
bs091_N_N_1_4,bs091,131
bs091_N_N_2_0,bs091,131
bs091_N_N_2_1,bs091,131
bs091_N_N_2_2,bs091,131
bs091_N_N_2_3,bs091,131
bs091_N_N_2_4,bs091,131
bs091_N_N_3_0,bs091,131
bs091_N_N_3_1,bs091,131
bs091_N_N_3_2,bs091,131
bs091_N_N_3_3,bs091,131
bs091_N_N_3_4,bs091,131
bs092_N_N_0_0,bs092,132
bs092_N_N_0_1,bs092,132
bs092_N_N_0_2,bs092,132
bs092_N_N_0_3,bs092,132
bs092_N_N_0_4,bs092,132
bs092_N_N_1_0,bs092,132
bs092_N_N_1_1,bs092,132
bs092_N_N_1_2,bs092,132
bs092_N_N_1_3,bs092,132
bs092_N_N_1_4,bs092,132
bs092_N_N_2_0,bs092,132
bs092_N_N_2_1,bs092,132
bs092_N_N_2_2,bs092,132
bs092_N_N_2_3,bs092,132
bs092_N_N_2_4,bs092,132
bs092_N_N_3_0,bs092,132
bs092_N_N_3_1,bs092,132
bs092_N_N_3_2,bs092,132
bs092_N_N_3_3,bs092,132
bs092_N_N_3_4,bs092,132
bs093_N_N_0_0,bs093,133
bs093_N_N_0_1,bs093,133
bs093_N_N_0_2,bs093,133
bs093_N_N_0_3,bs093,133
bs093_N_N_0_4,bs093,133
bs093_N_N_1_0,bs093,133
bs093_N_N_1_1,bs093,133
bs093_N_N_1_2,bs093,133
bs093_N_N_1_3,bs093,133
bs093_N_N_1_4,bs093,133
bs093_N_N_2_0,bs093,133
bs093_N_N_2_1,bs093,133
bs093_N_N_2_2,bs093,133
bs093_N_N_2_3,bs093,133
bs093_N_N_2_4,bs093,133
bs093_N_N_3_0,bs093,133
bs093_N_N_3_1,bs093,133
bs093_N_N_3_2,bs093,133
bs093_N_N_3_3,bs093,133
bs093_N_N_3_4,bs093,133
bs094_N_N_0_0,bs094,134
bs094_N_N_0_1,bs094,134
bs094_N_N_0_2,bs094,134
bs094_N_N_0_3,bs094,134
bs094_N_N_0_4,bs094,134
bs094_N_N_1_0,bs094,134
bs094_N_N_1_1,bs094,134
bs094_N_N_1_2,bs094,134
bs094_N_N_1_3,bs094,134
bs094_N_N_1_4,bs094,134
bs094_N_N_2_0,bs094,134
bs094_N_N_2_1,bs094,134
bs094_N_N_2_2,bs094,134
bs094_N_N_2_3,bs094,134
bs094_N_N_2_4,bs094,134
bs094_N_N_3_0,bs094,134
bs094_N_N_3_1,bs094,134
bs094_N_N_3_2,bs094,134
bs094_N_N_3_3,bs094,134
bs094_N_N_3_4,bs094,134
bs095_N_N_0_0,bs095,135
bs095_N_N_0_1,bs095,135
bs095_N_N_0_2,bs095,135
bs095_N_N_0_3,bs095,135
bs095_N_N_0_4,bs095,135
bs095_N_N_1_0,bs095,135
bs095_N_N_1_1,bs095,135
bs095_N_N_1_2,bs095,135
bs095_N_N_1_3,bs095,135
bs095_N_N_1_4,bs095,135
bs095_N_N_2_0,bs095,135
bs095_N_N_2_1,bs095,135
bs095_N_N_2_2,bs095,135
bs095_N_N_2_3,bs095,135
bs095_N_N_2_4,bs095,135
bs095_N_N_3_0,bs095,135
bs095_N_N_3_1,bs095,135
bs095_N_N_3_2,bs095,135
bs095_N_N_3_3,bs095,135
bs095_N_N_3_4,bs095,135
bs096_N_N_0_0,bs096,136
bs096_N_N_0_1,bs096,136
bs096_N_N_0_2,bs096,136
bs096_N_N_0_3,bs096,136
bs096_N_N_0_4,bs096,136
bs096_N_N_1_0,bs096,136
bs096_N_N_1_1,bs096,136
bs096_N_N_1_2,bs096,136
bs096_N_N_1_3,bs096,136
bs096_N_N_1_4,bs096,136
bs096_N_N_2_0,bs096,136
bs096_N_N_2_1,bs096,136
bs096_N_N_2_2,bs096,136
bs096_N_N_2_3,bs096,136
bs096_N_N_2_4,bs096,136
bs096_N_N_3_0,bs096,136
bs096_N_N_3_1,bs096,136
bs096_N_N_3_2,bs096,136
bs096_N_N_3_3,bs096,136
bs096_N_N_3_4,bs096,136
bs097_N_N_0_0,bs097,137
bs097_N_N_0_1,bs097,137
bs097_N_N_0_2,bs097,137
bs097_N_N_0_3,bs097,137
bs097_N_N_0_4,bs097,137
bs097_N_N_1_0,bs097,137
bs097_N_N_1_1,bs097,137
bs097_N_N_1_2,bs097,137
bs097_N_N_1_3,bs097,137
bs097_N_N_1_4,bs097,137
bs097_N_N_2_0,bs097,137
bs097_N_N_2_1,bs097,137
bs097_N_N_2_2,bs097,137
bs097_N_N_2_3,bs097,137
bs097_N_N_2_4,bs097,137
bs097_N_N_3_0,bs097,137
bs097_N_N_3_1,bs097,137
bs097_N_N_3_2,bs097,137
bs097_N_N_3_3,bs097,137
bs097_N_N_3_4,bs097,137
bs098_N_N_0_0,bs098,138
bs098_N_N_0_1,bs098,138
bs098_N_N_0_2,bs098,138
bs098_N_N_0_3,bs098,138
bs098_N_N_0_4,bs098,138
bs098_N_N_1_0,bs098,138
bs098_N_N_1_1,bs098,138
bs098_N_N_1_2,bs098,138
bs098_N_N_1_3,bs098,138
bs098_N_N_1_4,bs098,138
bs098_N_N_2_0,bs098,138
bs098_N_N_2_1,bs098,138
bs098_N_N_2_2,bs098,138
bs098_N_N_2_3,bs098,138
bs098_N_N_2_4,bs098,138
bs098_N_N_3_0,bs098,138
bs098_N_N_3_1,bs098,138
bs098_N_N_3_2,bs098,138
bs098_N_N_3_3,bs098,138
bs098_N_N_3_4,bs098,138
bs099_N_N_0_0,bs099,139
bs099_N_N_0_1,bs099,139
bs099_N_N_0_2,bs099,139
bs099_N_N_0_3,bs099,139
bs099_N_N_0_4,bs099,139
bs099_N_N_1_0,bs099,139
bs099_N_N_1_1,bs099,139
bs099_N_N_1_2,bs099,139
bs099_N_N_1_3,bs099,139
bs099_N_N_1_4,bs099,139
bs099_N_N_2_0,bs099,139
bs099_N_N_2_1,bs099,139
bs099_N_N_2_2,bs099,139
bs099_N_N_2_3,bs099,139
bs099_N_N_2_4,bs099,139
bs099_N_N_3_0,bs099,139
bs099_N_N_3_1,bs099,139
bs099_N_N_3_2,bs099,139
bs099_N_N_3_3,bs099,139
bs099_N_N_3_4,bs099,139
bs100_N_N_0_0,bs100,140
bs100_N_N_0_1,bs100,140
bs100_N_N_0_2,bs100,140
bs100_N_N_0_3,bs100,140
bs100_N_N_0_4,bs100,140
bs100_N_N_1_0,bs100,140
bs100_N_N_1_1,bs100,140
bs100_N_N_1_2,bs100,140
bs100_N_N_1_3,bs100,140
bs100_N_N_1_4,bs100,140
bs100_N_N_2_0,bs100,140
bs100_N_N_2_1,bs100,140
bs100_N_N_2_2,bs100,140
bs100_N_N_2_3,bs100,140
bs100_N_N_2_4,bs100,140
bs100_N_N_3_0,bs100,140
bs100_N_N_3_1,bs100,140
bs100_N_N_3_2,bs100,140
bs100_N_N_3_3,bs100,140
bs100_N_N_3_4,bs100,140
bs101_N_N_0_0,bs101,141
bs101_N_N_0_1,bs101,141
bs101_N_N_0_2,bs101,141
bs101_N_N_0_3,bs101,141
bs101_N_N_0_4,bs101,141
bs101_N_N_1_0,bs101,141
bs101_N_N_1_1,bs101,141
bs101_N_N_1_2,bs101,141
bs101_N_N_1_3,bs101,141
bs101_N_N_1_4,bs101,141
bs101_N_N_2_0,bs101,141
bs101_N_N_2_1,bs101,141
bs101_N_N_2_2,bs101,141
bs101_N_N_2_3,bs101,141
bs101_N_N_2_4,bs101,141
bs101_N_N_3_0,bs101,141
bs101_N_N_3_1,bs101,141
bs101_N_N_3_2,bs101,141
bs101_N_N_3_3,bs101,141
bs101_N_N_3_4,bs101,141
bs102_N_N_0_0,bs102,142
bs102_N_N_0_1,bs102,142
bs102_N_N_0_2,bs102,142
bs102_N_N_0_3,bs102,142
bs102_N_N_0_4,bs102,142
bs102_N_N_1_0,bs102,142
bs102_N_N_1_1,bs102,142
bs102_N_N_1_2,bs102,142
bs102_N_N_1_3,bs102,142
bs102_N_N_1_4,bs102,142
bs102_N_N_2_0,bs102,142
bs102_N_N_2_1,bs102,142
bs102_N_N_2_2,bs102,142
bs102_N_N_2_3,bs102,142
bs102_N_N_2_4,bs102,142
bs102_N_N_3_0,bs102,142
bs102_N_N_3_1,bs102,142
bs102_N_N_3_2,bs102,142
bs102_N_N_3_3,bs102,142
bs102_N_N_3_4,bs102,142
bs103_N_N_0_0,bs103,143
bs103_N_N_0_1,bs103,143
bs103_N_N_0_2,bs103,143
bs103_N_N_0_3,bs103,143
bs103_N_N_0_4,bs103,143
bs103_N_N_1_0,bs103,143
bs103_N_N_1_1,bs103,143
bs103_N_N_1_2,bs103,143
bs103_N_N_1_3,bs103,143
bs103_N_N_1_4,bs103,143
bs103_N_N_2_0,bs103,143
bs103_N_N_2_1,bs103,143
bs103_N_N_2_2,bs103,143
bs103_N_N_2_3,bs103,143
bs103_N_N_2_4,bs103,143
bs103_N_N_3_0,bs103,143
bs103_N_N_3_1,bs103,143
bs103_N_N_3_2,bs103,143
bs103_N_N_3_3,bs103,143
bs103_N_N_3_4,bs103,143
bs104_N_N_0_0,bs104,144
bs104_N_N_0_1,bs104,144
bs104_N_N_0_2,bs104,144
bs104_N_N_0_3,bs104,144
bs104_N_N_0_4,bs104,144
bs104_N_N_1_0,bs104,144
bs104_N_N_1_1,bs104,144
bs104_N_N_1_2,bs104,144
bs104_N_N_1_3,bs104,144
bs104_N_N_1_4,bs104,144
bs104_N_N_2_0,bs104,144
bs104_N_N_2_1,bs104,144
bs104_N_N_2_2,bs104,144
bs104_N_N_2_3,bs104,144
bs104_N_N_2_4,bs104,144
bs104_N_N_3_0,bs104,144
bs104_N_N_3_1,bs104,144
bs104_N_N_3_2,bs104,144
bs104_N_N_3_3,bs104,144
bs104_N_N_3_4,bs104,144
